INSERT INTO user (id, login, first_name, last_name) VALUES (2, 'alex', 'Alex', 'Pusher');

INSERT INTO tag (id, name) VALUES (20, 'A1');
INSERT INTO tag (id, name) VALUES (17, 'ASC');
INSERT INTO tag (id, name) VALUES (8, 'Beautiful');
INSERT INTO tag (id, name) VALUES (73, 'Category');
INSERT INTO tag (id, name) VALUES (68, 'Cover');
INSERT INTO tag (id, name) VALUES (10, 'Game');
INSERT INTO tag (id, name) VALUES (72, 'HoldOn');
INSERT INTO tag (id, name) VALUES (65, 'lamoda');
INSERT INTO tag (id, name) VALUES (22, 'MTC');
INSERT INTO tag (id, name) VALUES (81, 'Mute');
INSERT INTO tag (id, name) VALUES (70, 'myName');
INSERT INTO tag (id, name) VALUES (80, 'Not found');
INSERT INTO tag (id, name) VALUES (13, 'one');
INSERT INTO tag (id, name) VALUES (36, 'Prod');
INSERT INTO tag (id, name) VALUES (56, 'QWExMode');
INSERT INTO tag (id, name) VALUES (61, 'QWExModeNew');
INSERT INTO tag (id, name) VALUES (23, 'Sommer');
INSERT INTO tag (id, name) VALUES (7, 'SportMaster');
INSERT INTO tag (id, name) VALUES (63, 'sthsdfgsdg');
INSERT INTO tag (id, name) VALUES (62, 'taratara');
INSERT INTO tag (id, name) VALUES (2, 'test_tag_two');
INSERT INTO tag (id, name) VALUES (99, 'Trash');
INSERT INTO tag (id, name) VALUES (14, 'two');
INSERT INTO tag (id, name) VALUES (35, 'Update');
INSERT INTO tag (id, name) VALUES (84, 'Use');
INSERT INTO tag (id, name) VALUES (91, 'Users');
INSERT INTO tag (id, name) VALUES (21, 'Wild');
INSERT INTO tag (id, name) VALUES (9, 'WoW');
INSERT INTO tag (id, name) VALUES (41, 'xMode');
INSERT INTO tag (id, name) VALUES (69, 'Спорт');

INSERT INTO gift_certificate (id, name, description, price, duration, create_date, last_update_date) VALUES (1, 'TestCertificate', 'TestCertificate Description', 10.00, 3, '2021-03-26 09:41:03', '2021-03-26 09:41:03');
INSERT INTO gift_certificate (id, name, description, price, duration, create_date, last_update_date) VALUES (2, 'NewTestCertificate', 'No description', 40.00, 77, '2021-03-26 20:50:53', '2021-04-04 18:50:25');
INSERT INTO gift_certificate (id, name, description, price, duration, create_date, last_update_date) VALUES (3, 'NewCerts', 'NewCertDescription', 11.00, 3, '2021-03-28 16:00:00', '2021-03-28 16:00:00');
INSERT INTO gift_certificate (id, name, description, price, duration, create_date, last_update_date) VALUES (6, 'New Name', 'New Description', 14.00, 77, '2021-03-28 17:47:29', '2021-04-26 09:06:20');
INSERT INTO gift_certificate (id, name, description, price, duration, create_date, last_update_date) VALUES (7, 'New Year', 'Hello!', 110.00, 4, '2021-03-28 17:50:55', '2021-03-28 17:50:55');
INSERT INTO gift_certificate (id, name, description, price, duration, create_date, last_update_date) VALUES (9, 'Aplet', 'Description', 17.00, 1, '2021-03-30 15:02:04', '2021-03-30 15:02:04');
INSERT INTO gift_certificate (id, name, description, price, duration, create_date, last_update_date) VALUES (11, 'New certificate name', 'New certificate description', 12.13, 1, '2021-04-04 18:50:25', '2021-04-04 18:50:25');
INSERT INTO gift_certificate (id, name, description, price, duration, create_date, last_update_date) VALUES (19, 'Wild Certs', 'By', 47.00, 11, '2021-04-19 15:34:11', '2021-04-19 16:40:55');
INSERT INTO gift_certificate (id, name, description, price, duration, create_date, last_update_date) VALUES (20, 'Wild Certs', 'By', 47.00, 11, '2021-04-19 15:34:11', '2021-04-19 16:36:14');
INSERT INTO gift_certificate (id, name, description, price, duration, create_date, last_update_date) VALUES (27, 'Wild Certs', 'HoldOn', 36.00, 11, '2021-04-21 13:38:44', '2021-04-25 12:59:36');
INSERT INTO gift_certificate (id, name, description, price, duration, create_date, last_update_date) VALUES (29, 'Wild Certs', 'Hello world', 17.00, 11, '2021-04-23 09:40:08', '2021-04-23 09:40:08');
INSERT INTO gift_certificate (id, name, description, price, duration, create_date, last_update_date) VALUES (30, 'Wild Certs', 'Hello world', 17.00, 11, '2021-04-25 12:58:38', '2021-04-25 12:58:38');
INSERT INTO gift_certificate (id, name, description, price, duration, create_date, last_update_date) VALUES (32, 'New certificate name', 'New certificate description', 12.13, 1, '2021-04-25 20:49:28', '2021-04-25 20:49:28');
INSERT INTO gift_certificate (id, name, description, price, duration, create_date, last_update_date) VALUES (33, 'New certificate name', 'New certificate description', 12.13, 1, '2021-04-25 20:49:28', '2021-04-25 20:49:28');
INSERT INTO gift_certificate (id, name, description, price, duration, create_date, last_update_date) VALUES (35, 'New certificate name', 'New certificate description', 12.13, 1, '2021-04-26 08:40:01', '2021-04-26 08:40:01');
INSERT INTO gift_certificate (id, name, description, price, duration, create_date, last_update_date) VALUES (40, 'New certificate name', 'New certificate description', 12.13, 1, '2021-04-26 08:47:07', '2021-04-26 08:47:07');
INSERT INTO gift_certificate (id, name, description, price, duration, create_date, last_update_date) VALUES (45, 'New certificate name', 'New certificate description', 12.13, 1, '2021-04-26 09:00:25', '2021-04-26 09:00:25');
INSERT INTO gift_certificate (id, name, description, price, duration, create_date, last_update_date) VALUES (48, 'New certificate name', 'New certificate description', 12.13, 1, '2021-04-26 09:06:58', '2021-04-26 09:06:58');

INSERT INTO orders (id, cost, purchase_date, user_id) VALUES (8, 50.00, '2021-04-22 17:12:58', 2);
INSERT INTO orders (id, cost, purchase_date, user_id) VALUES (9, 50.00, '2021-04-23 15:22:43', 2);
INSERT INTO orders (id, cost, purchase_date, user_id) VALUES (10, 50.00, '2021-04-23 16:10:49', 2);
INSERT INTO orders (id, cost, purchase_date, user_id) VALUES (11, 50.00, '2021-04-24 15:04:01', 2);
INSERT INTO orders (id, cost, purchase_date, user_id) VALUES (12, 51.00, '2021-04-25 13:00:08', 2);

INSERT INTO order_certificate (order_id, certificate_id) VALUES (8, 1);
INSERT INTO order_certificate (order_id, certificate_id) VALUES (9, 1);
INSERT INTO order_certificate (order_id, certificate_id) VALUES (10, 1);
INSERT INTO order_certificate (order_id, certificate_id) VALUES (11, 1);
INSERT INTO order_certificate (order_id, certificate_id) VALUES (8, 2);

INSERT INTO gift_certificate_tag (gift_certificate_id, tag_id) VALUES (1, 2);
INSERT INTO gift_certificate_tag (gift_certificate_id, tag_id) VALUES (1, 7);
INSERT INTO gift_certificate_tag (gift_certificate_id, tag_id) VALUES (1, 8);
INSERT INTO gift_certificate_tag (gift_certificate_id, tag_id) VALUES (2, 7);
INSERT INTO gift_certificate_tag (gift_certificate_id, tag_id) VALUES (2, 9);
INSERT INTO gift_certificate_tag (gift_certificate_id, tag_id) VALUES (3, 7);
INSERT INTO gift_certificate_tag (gift_certificate_id, tag_id) VALUES (3, 8);
INSERT INTO gift_certificate_tag (gift_certificate_id, tag_id) VALUES (6, 99);
INSERT INTO gift_certificate_tag (gift_certificate_id, tag_id) VALUES (9, 20);
INSERT INTO gift_certificate_tag (gift_certificate_id, tag_id) VALUES (9, 22);
INSERT INTO gift_certificate_tag (gift_certificate_id, tag_id) VALUES (19, 21);
INSERT INTO gift_certificate_tag (gift_certificate_id, tag_id) VALUES (20, 41);
INSERT INTO gift_certificate_tag (gift_certificate_id, tag_id) VALUES (27, 65);
INSERT INTO gift_certificate_tag (gift_certificate_id, tag_id) VALUES (27, 68);
INSERT INTO gift_certificate_tag (gift_certificate_id, tag_id) VALUES (27, 72);
INSERT INTO gift_certificate_tag (gift_certificate_id, tag_id) VALUES (27, 81);
INSERT INTO gift_certificate_tag (gift_certificate_id, tag_id) VALUES (29, 73);
INSERT INTO gift_certificate_tag (gift_certificate_id, tag_id) VALUES (30, 80);
INSERT INTO gift_certificate_tag (gift_certificate_id, tag_id) VALUES (33, 84);
INSERT INTO gift_certificate_tag (gift_certificate_id, tag_id) VALUES (40, 91);
INSERT INTO order_certificate (order_id, certificate_id) VALUES (9, 2);
INSERT INTO order_certificate (order_id, certificate_id) VALUES (10, 2);
INSERT INTO order_certificate (order_id, certificate_id) VALUES (11, 2);
INSERT INTO order_certificate (order_id, certificate_id) VALUES (12, 2);
INSERT INTO order_certificate (order_id, certificate_id) VALUES (12, 3);